{
  "hash": "155cde06",
  "configHash": "9a3dec82",
  "lockfileHash": "95ee99bd",
  "browserHash": "8965b264",
  "optimized": {
    "@angular/common": {
      "src": "../../../../../../node_modules/@angular/common/fesm2022/common.mjs",
      "file": "@angular_common.js",
      "fileHash": "eae5a687",
      "needsInterop": false
    },
    "@angular/common/http": {
      "src": "../../../../../../node_modules/@angular/common/fesm2022/http.mjs",
      "file": "@angular_common_http.js",
      "fileHash": "f572dc19",
      "needsInterop": false
    },
    "@angular/core": {
      "src": "../../../../../../node_modules/@angular/core/fesm2022/core.mjs",
      "file": "@angular_core.js",
      "fileHash": "fb9f2026",
      "needsInterop": false
    },
    "@angular/forms": {
      "src": "../../../../../../node_modules/@angular/forms/fesm2022/forms.mjs",
      "file": "@angular_forms.js",
      "fileHash": "59661cd4",
      "needsInterop": false
    },
    "@angular/platform-browser": {
      "src": "../../../../../../node_modules/@angular/platform-browser/fesm2022/platform-browser.mjs",
      "file": "@angular_platform-browser.js",
      "fileHash": "72d1dd64",
      "needsInterop": false
    },
    "@angular/router": {
      "src": "../../../../../../node_modules/@angular/router/fesm2022/router.mjs",
      "file": "@angular_router.js",
      "fileHash": "13b10719",
      "needsInterop": false
    }
  },
  "chunks": {
    "chunk-HDNFVWEY": {
      "file": "chunk-HDNFVWEY.js"
    },
    "chunk-WHK5YKKP": {
      "file": "chunk-WHK5YKKP.js"
    },
    "chunk-D4A5DBCF": {
      "file": "chunk-D4A5DBCF.js"
    },
    "chunk-6NYMZAWX": {
      "file": "chunk-6NYMZAWX.js"
    },
    "chunk-3EWA3G5M": {
      "file": "chunk-3EWA3G5M.js"
    }
  }
}