{
  "hash": "0105ca0d",
  "configHash": "e7f7e386",
  "lockfileHash": "95ee99bd",
  "browserHash": "08764875",
  "optimized": {
    "@angular/common": {
      "src": "../../../../../../node_modules/@angular/common/fesm2022/common.mjs",
      "file": "@angular_common.js",
      "fileHash": "56096bd9",
      "needsInterop": false
    },
    "@angular/common/http": {
      "src": "../../../../../../node_modules/@angular/common/fesm2022/http.mjs",
      "file": "@angular_common_http.js",
      "fileHash": "0dad1fab",
      "needsInterop": false
    },
    "@angular/core": {
      "src": "../../../../../../node_modules/@angular/core/fesm2022/core.mjs",
      "file": "@angular_core.js",
      "fileHash": "125ccb06",
      "needsInterop": false
    },
    "@angular/forms": {
      "src": "../../../../../../node_modules/@angular/forms/fesm2022/forms.mjs",
      "file": "@angular_forms.js",
      "fileHash": "c551ed2e",
      "needsInterop": false
    },
    "@angular/platform-browser": {
      "src": "../../../../../../node_modules/@angular/platform-browser/fesm2022/platform-browser.mjs",
      "file": "@angular_platform-browser.js",
      "fileHash": "02e9c6e9",
      "needsInterop": false
    },
    "@angular/platform-server/init": {
      "src": "../../../../../../node_modules/@angular/platform-server/fesm2022/init.mjs",
      "file": "@angular_platform-server_init.js",
      "fileHash": "091d6625",
      "needsInterop": false
    },
    "@angular/router": {
      "src": "../../../../../../node_modules/@angular/router/fesm2022/router.mjs",
      "file": "@angular_router.js",
      "fileHash": "dc426d70",
      "needsInterop": false
    },
    "@angular/ssr": {
      "src": "../../../../../../node_modules/@angular/ssr/fesm2022/ssr.mjs",
      "file": "@angular_ssr.js",
      "fileHash": "064088bc",
      "needsInterop": false
    },
    "@angular/ssr/node": {
      "src": "../../../../../../node_modules/@angular/ssr/fesm2022/node.mjs",
      "file": "@angular_ssr_node.js",
      "fileHash": "cc1202d1",
      "needsInterop": false
    },
    "express": {
      "src": "../../../../../../node_modules/express/index.js",
      "file": "express.js",
      "fileHash": "359d93cd",
      "needsInterop": true
    }
  },
  "chunks": {
    "xhr2-D44GD7GP": {
      "file": "xhr2-D44GD7GP.js"
    },
    "chunk-XST3QSOR": {
      "file": "chunk-XST3QSOR.js"
    },
    "chunk-NUOZTZ7F": {
      "file": "chunk-NUOZTZ7F.js"
    },
    "chunk-GAMUJFKU": {
      "file": "chunk-GAMUJFKU.js"
    },
    "chunk-FNS4GE3E": {
      "file": "chunk-FNS4GE3E.js"
    },
    "chunk-Y6R2GYNS": {
      "file": "chunk-Y6R2GYNS.js"
    },
    "chunk-3OBCEZ7P": {
      "file": "chunk-3OBCEZ7P.js"
    },
    "chunk-5N3HAIU5": {
      "file": "chunk-5N3HAIU5.js"
    },
    "chunk-6DU2HRTW": {
      "file": "chunk-6DU2HRTW.js"
    }
  }
}